Date,,,Portfolio name,Campaign Type,Campaign Name,Country,Status,Currency,Budget,Targeting Type,Bidding strategy,Impressions,Last Year Impressions,Clicks,Last Year Clicks,Click-Thru Rate (CTR),Spend,,Last Year Spend,Cost Per Click (CPC),Last Year Cost Per Click (CPC),7 Day Total Orders (#),Total Advertising Cost of Sales (ACOS),Total Return on Advertising Spend (ROAS),7 Day Total Sales (₹)
1-Sep-22,102.87,102.87,No Portfolio,Sponsored Products,3 pack t shirt RGB,India,PAUSED,INR,₹ 100.00,Automatic targeting,Dynamic bids - down only,4791,,18,,0.38%,₹ 102.87,102.87,,₹ 5.71,₹ 0.00,0,0.00%,0,₹ 0.00
2-Sep-22,97.51,97.51,No Portfolio,Sponsored Products,3 pack t shirt RGB,India,PAUSED,INR,₹ 100.00,Automatic targeting,Dynamic bids - down only,3622,,17,,0.47%,₹ 97.51,97.51,,₹ 5.74,₹ 0.00,0,0.00%,0,₹ 0.00
3-Sep-22,21.05,81.69,No Portfolio,Sponsored Products,5.2.22.Auto.C2o. BeanieHat,India,PAUSED,INR,₹ 100.00,Automatic targeting,Dynamic bids - down only,864,,9,,1.04%,₹ 21.05,21.05,,₹ 2.34,₹ 0.00,1,5.89%,16.97,₹ 357.14
3-Sep-22,60.64,67.67,No Portfolio,Sponsored Products,3 pack t shirt RGB,India,PAUSED,INR,₹ 100.00,Automatic targeting,Dynamic bids - down only,3191,,12,,0.38%,₹ 60.64,60.64,,₹ 5.05,₹ 0.00,1,8.73%,11.45,₹ 694.29
4-Sep-22,44.41,111.41,No Portfolio,Sponsored Products,5.2.22.Auto.C2o. BeanieHat,India,PAUSED,INR,₹ 100.00,Automatic targeting,Dynamic bids - down only,1750,,16,,0.91%,₹ 44.41,44.41,,₹ 2.78,₹ 0.00,1,12.24%,8.17,₹ 362.86
4-Sep-22,23.26,126.30,No Portfolio,Sponsored Products,3 pack t shirt RGB,India,PAUSED,INR,₹ 100.00,Automatic targeting,Dynamic bids - down only,2677,,5,,0.19%,₹ 23.26,23.26,,₹ 4.65,₹ 0.00,1,3.35%,29.85,₹ 694.29
5-Sep-22,73.87,92.25,No Portfolio,Sponsored Products,5.2.22.Auto.C2o. BeanieHat,India,PAUSED,INR,₹ 100.00,Automatic targeting,Dynamic bids - down only,9480,,28,,0.30%,₹ 73.87,73.87,,₹ 2.64,₹ 0.00,1,20.36%,4.91,₹ 362.86
5-Sep-22,37.54,77.07,No Portfolio,Sponsored Products,3 pack t shirt RGB,India,PAUSED,INR,₹ 100.00,Automatic targeting,Dynamic bids - down only,1686,,8,,0.47%,₹ 37.54,37.54,,₹ 4.69,₹ 0.00,0,0.00%,0,₹ 0.00
6-Sep-22,108.92,107.75,No Portfolio,Sponsored Products,5.2.22.Auto.C2o. BeanieHat,India,PAUSED,INR,₹ 100.00,Automatic targeting,Dynamic bids - down only,15445,,42,,0.27%,₹ 108.92,108.92,,₹ 2.59,₹ 0.00,0,0.00%,0,₹ 0.00
6-Sep-22,14.38,128.77,No Portfolio,Sponsored Products,3 pack t shirt RGB,India,PAUSED,INR,₹ 100.00,Automatic targeting,Dynamic bids - down only,1822,,3,,0.17%,₹ 14.38,14.38,,₹ 4.79,₹ 0.00,0,0.00%,0,₹ 0.00
7-Sep-22,60.13,165.85,No Portfolio,Sponsored Products,5.2.22.Auto.C2o. BeanieHat,India,PAUSED,INR,₹ 100.00,Automatic targeting,Dynamic bids - down only,6319,,22,,0.35%,₹ 60.13,60.13,,₹ 2.73,₹ 0.00,0,0.00%,0,₹ 0.00
7-Sep-22,32.12,137.38,No Portfolio,Sponsored Products,3 pack t shirt RGB,India,PAUSED,INR,₹ 100.00,Automatic targeting,Dynamic bids - down only,2146,,7,,0.33%,₹ 32.12,32.12,,₹ 4.59,₹ 0.00,0,0.00%,0,₹ 0.00
8-Sep-22,41.05,149.70,No Portfolio,Sponsored Products,5.2.22.Auto.C2o. BeanieHat,India,PAUSED,INR,₹ 100.00,Automatic targeting,Dynamic bids - down only,2653,,14,,0.53%,₹ 41.05,41.05,,₹ 2.93,₹ 0.00,0,0.00%,0,₹ 0.00
8-Sep-22,36.02,93.02,No Portfolio,Sponsored Products,3 pack t shirt RGB,India,PAUSED,INR,₹ 100.00,Automatic targeting,Dynamic bids - down only,1785,,8,,0.45%,₹ 36.02,36.02,,₹ 4.50,₹ 0.00,0,0.00%,0,₹ 0.00
9-Sep-22,63.97,85.49,No Portfolio,Sponsored Products,5.2.22.Auto.C2o. BeanieHat,India,PAUSED,INR,₹ 100.00,Automatic targeting,Dynamic bids - down only,2523,,22,,0.87%, 63.97,63.97,,₹ 2.91,₹ 0.00,1,18.20%,5.49,₹ 351.43
9-Sep-22,43.78,50.21,No Portfolio,Sponsored Products,3 pack t shirt RGB,India,PAUSED,INR,₹ 100.00,Automatic targeting,Dynamic bids - down only,1777,,9,,0.51%,₹ 43.78,43.78,,₹ 4.86,₹ 0.00,0,0.00%,0,₹ 0.00
9-Sep-22,0.00,85.28,No Portfolio,Sponsored Products,22.1.22.Auto.C20.Stole,India,PAUSED,INR,₹ 100.00,Automatic targeting,Dynamic bids - down only,1,,0,,0.00%,₹ 0.00,0.00,,₹ 0.00,₹ 0.00,0,0.00%,0,₹ 0.00
10-Sep-22,76.54,89.27,No Portfolio,Sponsored Products,3 pack t shirt RGB,India,PAUSED,INR,₹ 100.00,Automatic targeting,Dynamic bids - down only,1752,,16,,0.91%,₹ 76.54,76.54,,₹ 4.78,₹ 0.00,1,11.02%,9.07,₹ 694.29
10-Sep-22,3.06,96.36,No Portfolio,Sponsored Products,22.1.22.Auto.C20.Stole,India,PAUSED,INR,₹ 100.00,Automatic targeting,Dynamic bids - down only,241,,1,,0.42%,₹ 3.06,3.06,,₹ 3.06,₹ 0.00,0,0.00%,0,₹ 0.00
10-Sep-22,49.17,67.46,No Portfolio,Sponsored Products,5.2.22.Auto.C2o. BeanieHat,India,PAUSED,INR,₹ 100.00,Automatic targeting,Dynamic bids - down only,6664,,17,,0.26%,₹ 49.17,49.17,,₹ 2.89,₹ 0.00,2,6.71%,14.91,₹ 733.33
11-Sep-22,43.85,48.47,No Portfolio,Sponsored Products,22.1.22.Auto.C20.Stole,India,PAUSED,INR,₹ 100.00,Automatic targeting,Dynamic bids - down only,2931,,16,,0.55%,₹ 43.85,43.85,,₹ 2.74,₹ 0.00,0,0.00%,0,₹ 0.00
11-Sep-22,87.00,23.71,No Portfolio,Sponsored Products,5.2.22.Auto.C2o. BeanieHat,India,PAUSED,INR,₹ 100.00,Automatic targeting,Dynamic bids - down only,9499,,31,,0.33%,₹ 87.35,87.00,,₹ 2.82,₹ 0.00,1,24.07%,4.15,₹ 362.86
11-Sep-22,35.00,100.41,No Portfolio,Sponsored Products,3 pack t shirt RGB,India,PAUSED,INR,₹ 100.00,Automatic targeting,Dynamic bids - down only,5995,,11,,0.18%,₹ 50.89,35.00,,₹ 4.63,₹ 0.00,0,0.00%,0,₹ 0.00
12-Sep-22,73.59,109.43,No Portfolio,Sponsored Products,5.2.22.Auto.C2o. BeanieHat,India,PAUSED,INR,₹ 100.00,Automatic targeting,Dynamic bids - down only,5463,,26,,0.48%,₹ 73.59,73.59,,₹ 2.83,₹ 0.00,0,0.00%,0,₹ 0.00
12-Sep-22,54.48,134.09,No Portfolio,Sponsored Products,3 pack t shirt RGB,India,PAUSED,INR,₹ 100.00,Automatic targeting,Dynamic bids - down only,2932,,13,,0.44%,₹ 54.48,54.48,,₹ 4.19,₹ 0.00,0,0.00%,0,₹ 0.00
12-Sep-22,9.31,130.18,No Portfolio,Sponsored Products,22.1.22.Auto.C20.Stole,India,PAUSED,INR,₹ 100.00,Automatic targeting,Dynamic bids - down only,1753,,3,,0.17%,₹ 9.31,9.31,,₹ 3.10,₹ 0.00,0,0.00%,0,₹ 0.00
13-Sep-22,47.39,202.98,No Portfolio,Sponsored Products,3 pack t shirt RGB,India,PAUSED,INR,₹ 100.00,Automatic targeting,Dynamic bids - down only,2158,,10,,0.46%,₹ 47.39,47.39,,₹ 4.74,₹ 0.00,0,0.00%,0,₹ 0.00
13-Sep-22,20.17,188.18,No Portfolio,Sponsored Products,22.1.22.Auto.C20.Stole,India,PAUSED,INR,₹ 100.00,Automatic targeting,Dynamic bids - down only,1912,,7,,0.37%,₹ 20.17,20.17,,₹ 2.88,₹ 0.00,0,0.00%,0,₹ 0.00
13-Sep-22,82.14,256.30,No Portfolio,Sponsored Products,5.2.22.Auto.C2o. BeanieHat,India,PAUSED,INR,₹ 100.00,Automatic targeting,Dynamic bids - down only,5309,,30,,0.57%,₹ 82.14,82.14,,₹ 2.74,₹ 0.00,1,22.40%,4.46,₹ 366.67
14-Sep-22,29.14,95.80,No Portfolio,Sponsored Products,22.1.22.Auto.C20.Stole,India,PAUSED,INR,₹ 100.00,Automatic targeting,Dynamic bids - down only,1732,,11,,0.64%,₹ 29.41,29.14,,₹ 2.67,₹ 0.00,0,0.00%,0,₹ 0.00
14-Sep-22,58.46,,No Portfolio,Sponsored Products,5.2.22.Auto.C2o. BeanieHat,India,PAUSED,INR,₹ 100.00,Automatic targeting,Dynamic bids - down only,6191,,22,,0.36%,₹ 58.46,58.46,,₹ 2.66,₹ 0.00,1,16.11%,6.21,₹ 362.86
14-Sep-22,5.42,,No Portfolio,Sponsored Products,3 pack t shirt RGB,India,PAUSED,INR,₹ 100.00,Automatic targeting,Dynamic bids - down only,1781,,1,,0.06%,₹ 5.42,5.42,,₹ 5.42,₹ 0.00,0,0.00%,0,₹ 0.00
15-Sep-22,40.86,,No Portfolio,Sponsored Products,5.2.22.Auto.C2o. BeanieHat,India,PAUSED,INR,₹ 100.00,Automatic targeting,Dynamic bids - down only,5702,,14,,0.25%,₹ 40.86,40.86,,₹ 2.92,₹ 0.00,0,0.00%,0,₹ 0.00
15-Sep-22,23.43,,No Portfolio,Sponsored Products,3 pack t shirt RGB,India,PAUSED,INR,₹ 100.00,Automatic targeting,Dynamic bids - down only,1319,,5,,0.38%,₹ 23.43,23.43,,₹ 4.69,₹ 0.00,0,0.00%,0,₹ 0.00
15-Sep-22,21.20,,No Portfolio,Sponsored Products,22.1.22.Auto.C20.Stole,India,PAUSED,INR,₹ 100.00,Automatic targeting,Dynamic bids - down only,1826,,7,,0.38%,₹ 21.20,21.20,,₹ 3.03,₹ 0.00,0,0.00%,0,₹ 0.00
16-Sep-22,37.60,,No Portfolio,Sponsored Products,3 pack t shirt RGB,India,PAUSED,INR,₹ 100.00,Automatic targeting,Dynamic bids - down only,1641,,8,,0.49%,₹ 37.60,37.60,,₹ 4.70,₹ 0.00,0,0.00%,0,₹ 0.00
16-Sep-22,12.61,,No Portfolio,Sponsored Products,22.1.22.Auto.C20.Stole,India,PAUSED,INR,₹ 100.00,Automatic targeting,Dynamic bids - down only,2304,,4,,0.17%,₹ 12.61,12.61,,₹ 3.15,₹ 0.00,0,0.00%,0,₹ 0.00
17-Sep-22,30.90,,No Portfolio,Sponsored Products,3 pack t shirt RGB,India,PAUSED,INR,₹ 100.00,Automatic targeting,Dynamic bids - down only,2792,,7,,0.25%,₹ 30.90,30.90,,₹ 4.41,₹ 0.00,0,0.00%,0,₹ 0.00
17-Sep-22,54.38,,No Portfolio,Sponsored Products,22.1.22.Auto.C20.Stole,India,PAUSED,INR,₹ 100.00,Automatic targeting,Dynamic bids - down only,4270,,18,,0.42%,₹ 54.38,54.38,,₹ 3.02,₹ 0.00,1,15.47%,6.46,₹ 351.43
18-Sep-22,47.41,,No Portfolio,Sponsored Products,3 pack t shirt RGB,India,PAUSED,INR,₹ 100.00,Automatic targeting,Dynamic bids - down only,2120,,10,,0.47%,₹ 47.41,47.41,,₹ 4.74,₹ 0.00,0,0.00%,0,₹ 0.00
18-Sep-22,41.86,,No Portfolio,Sponsored Products,22.1.22.Auto.C20.Stole,India,PAUSED,INR,₹ 100.00,Automatic targeting,Dynamic bids - down only,2878,,16,,0.56%,₹ 41.86,41.86,,₹ 2.62,₹ 0.00,0,0.00%,0,₹ 0.00
19-Sep-22,28.57,,No Portfolio,Sponsored Products,3 pack t shirt RGB,India,PAUSED,INR,₹ 100.00,Automatic targeting,Dynamic bids - down only,863,,6,,0.70%,₹ 28.57,28.57,,₹ 4.76,₹ 0.00,0,0.00%,0,₹ 0.00
19-Sep-22,67.79,,No Portfolio,Sponsored Products,22.1.22.Auto.C20.Stole,India,PAUSED,INR,₹ 100.00,Automatic targeting,Dynamic bids - down only,8664,,23,,0.27%,₹ 67.79,67.79,,₹ 2.95,₹ 0.00,0,0.00%,0,₹ 0.00
20-Sep-22,33.88,,No Portfolio,Sponsored Products,3 pack t shirt RGB,India,PAUSED,INR,₹ 100.00,Automatic targeting,Dynamic bids - down only,966,,7,,0.73%,₹ 33.88,33.88,,₹ 4.84,₹ 0.00,0,0.00%,0,₹ 0.00
20-Sep-22,33.58,,No Portfolio,Sponsored Products,22.1.22.Auto.C20.Stole,India,PAUSED,INR,₹ 100.00,Automatic targeting,Dynamic bids - down only,3907,,11,,0.28%,₹ 33.58,33.58,,₹ 3.05,₹ 0.00,0,0.00%,0,₹ 0.00
21-Sep-22,29.53,,No Portfolio,Sponsored Products,3 pack t shirt RGB,India,PAUSED,INR,₹ 100.00,Automatic targeting,Dynamic bids - down only,875,,6,,0.69%,₹ 29.53,29.53,,₹ 4.92,₹ 0.00,0,0.00%,0,₹ 0.00
21-Sep-22,18.94,,No Portfolio,Sponsored Products,22.1.22.Auto.C20.Stole,India,PAUSED,INR,₹ 100.00,Automatic targeting,Dynamic bids - down only,1400,,9,,0.64%,₹ 18.94,18.94,,₹ 2.10,₹ 0.00,0,0.00%,0,₹ 0.00
22-Sep-22,9.29,,No Portfolio,Sponsored Products,3 pack t shirt RGB,India,PAUSED,INR,₹ 100.00,Automatic targeting,Dynamic bids - down only,704,,2,,0.28%,₹ 9.29,9.29,,₹ 4.64,₹ 0.00,0,0.00%,0,₹ 0.00
22-Sep-22,14.42,,No Portfolio,Sponsored Products,22.1.22.Auto.C20.Stole,India,PAUSED,INR,₹ 100.00,Automatic targeting,Dynamic bids - down only,1291,,5,,0.39%,₹ 14.42,14.42,,₹ 2.88,₹ 0.00,0,0.00%,0,₹ 0.00
23-Sep-22,29.28,,No Portfolio,Sponsored Products,Sale,India,ARCHIVED,INR,₹ 250.00,Automatic targeting,Dynamic bids - down only,979,,10,,1.02%,₹ 29.28,29.28,,₹ 2.93,₹ 0.00,2,4.60%,21.73,₹ 636.19
23-Sep-22,15.42,,No Portfolio,Sponsored Products,22.1.22.Auto.C20.Stole,India,PAUSED,INR,₹ 100.00,Automatic targeting,Dynamic bids - down only,1226,,5,,0.41%,₹ 15.42,15.42,,₹ 3.08,₹ 0.00,0,0.00%,0,₹ 0.00
23-Sep-22,55.71,,No Portfolio,Sponsored Products,3 pack t shirt RGB,India,PAUSED,INR,₹ 100.00,Automatic targeting,Dynamic bids - down only,1654,,13,,0.79%,₹ 55.71,55.71,,₹ 4.29,₹ 0.00,0,0.00%,0,₹ 0.00
24-Sep-22,25.06,,No Portfolio,Sponsored Products,22.1.22.Auto.C20.Stole,India,PAUSED,INR,₹ 100.00,Automatic targeting,Dynamic bids - down only,2318,,10,,0.43%,₹ 25.06,25.06,,₹ 2.51,₹ 0.00,0,0.00%,0,₹ 0.00
24-Sep-22,56.48,,No Portfolio,Sponsored Products,Sale,India,ARCHIVED,INR,₹ 250.00,Automatic targeting,Dynamic bids - down only,3758,,19,,0.51%,₹ 56.48,56.48,,₹ 2.97,₹ 0.00,1,19.83%,5.04,₹ 284.76
24-Sep-22,27.89,,No Portfolio,Sponsored Products,3 pack t shirt RGB,India,PAUSED,INR,₹ 100.00,Automatic targeting,Dynamic bids - down only,1223,,6,,0.49%,₹ 27.89,27.89,,₹ 4.65,₹ 0.00,0,0.00%,0,₹ 0.00
25-Sep-22,28.09,,No Portfolio,Sponsored Products,22.1.22.Auto.C20.Stole,India,PAUSED,INR,₹ 100.00,Automatic targeting,Dynamic bids - down only,1932,,12,,0.62%,₹ 28.09,28.09,,₹ 2.34,₹ 0.00,0,0.00%,0,₹ 0.00
25-Sep-22,87.20,,No Portfolio,Sponsored Products,Sale,India,ARCHIVED,INR,₹ 250.00,Automatic targeting,Dynamic bids - down only,3215,,28,,0.87%,₹ 87.20,87.20,,₹ 3.11,₹ 0.00,1,32.13%,3.11,₹ 271.43
25-Sep-22,18.80,,No Portfolio,Sponsored Products,3 pack t shirt RGB,India,PAUSED,INR,₹ 100.00,Automatic targeting,Dynamic bids - down only,1437,,4,,0.28%,₹ 18.80,18.80,,₹ 4.70,₹ 0.00,0,0.00%,0,₹ 0.00
26-Sep-22,51.83,,No Portfolio,Sponsored Products,22.1.22.Auto.C20.Stole,India,PAUSED,INR,₹ 100.00,Automatic targeting,Dynamic bids - down only,2680,,23,,0.86%,₹ 51.83,51.83,,₹ 2.25,₹ 0.00,0,0.00%,0,₹ 0.00
26-Sep-22,9.30,,No Portfolio,Sponsored Products,3 pack t shirt RGB,India,PAUSED,INR,₹ 100.00,Automatic targeting,Dynamic bids - down only,922,,2,,0.22%,₹ 9.30,9.30,,₹ 4.65,₹ 0.00,0,0.00%,0,₹ 0.00
26-Sep-22,69.05,,No Portfolio,Sponsored Products,Sale,India,ARCHIVED,INR,₹ 250.00,Automatic targeting,Dynamic bids - down only,6354,,23,,0.36%,₹ 69.05,69.05,,₹ 3.00,₹ 0.00,2,10.85%,9.21,₹ 636.19
27-Sep-22,39.22,,No Portfolio,Sponsored Products,22.1.22.Auto.C20.Stole,India,PAUSED,INR,₹ 100.00,Automatic targeting,Dynamic bids - down only,2646,,19,,0.72%,₹ 39.22,39.22,,₹ 2.06,₹ 0.00,1,10.70%,9.35,₹ 366.66
27-Sep-22,32.82,,No Portfolio,Sponsored Products,3 pack t shirt RGB,India,PAUSED,INR,₹ 100.00,Automatic targeting,Dynamic bids - down only,918,,7,,0.76%,₹ 32.82,32.82,,₹ 4.69,₹ 0.00,0,0.00%,0,₹ 0.00
27-Sep-22,130.94,,No Portfolio,Sponsored Products,Sale,India,ARCHIVED,INR,₹ 250.00,Automatic targeting,Dynamic bids - down only,9999,,44,,0.44%,₹ 130.94,130.94,,₹ 2.98,₹ 0.00,4,9.01%,11.1,"₹ 1,453.33"
28-Sep-22,46.98,,No Portfolio,Sponsored Products,22.1.22.Auto.C20.Stole,India,PAUSED,INR,₹ 100.00,Automatic targeting,Dynamic bids - down only,2018,,20,,0.99%,₹ 46.98,46.98,,₹ 2.35,₹ 0.00,1,13.37%,7.48,₹ 351.43
28-Sep-22,110.48,,No Portfolio,Sponsored Products,Sale,India,ARCHIVED,INR,₹ 250.00,Automatic targeting,Dynamic bids - down only,9522,,35,,0.37%,₹ 110.48,110.48,,₹ 3.16,₹ 0.00,3,9.79%,10.22,"₹ 1,128.57"
28-Sep-22,30.72,,No Portfolio,Sponsored Products,3 pack t shirt RGB,India,PAUSED,INR,₹ 100.00,Automatic targeting,Dynamic bids - down only,1010,,7,,0.69%,₹ 30.72,30.72,,₹ 4.39,₹ 0.00,0,0.00%,0,₹ 0.00
29-Sep-22,70.65,,No Portfolio,Sponsored Products,22.1.22.Auto.C20.Stole,India,PAUSED,INR,₹ 100.00,Automatic targeting,Dynamic bids - down only,2737,,28,,1.02%,₹ 70.65,70.65,,₹ 2.52,₹ 0.00,0,0.00%,0,₹ 0.00
29-Sep-22,149.23,,No Portfolio,Sponsored Products,Sale,India,ARCHIVED,INR,₹ 250.00,Automatic targeting,Dynamic bids - down only,7829,,48,,0.61%,₹ 149.23,149.23,,₹ 3.11,₹ 0.00,2,16.71%,5.99,₹ 893.33
29-Sep-22,36.42,,No Portfolio,Sponsored Products,3 pack t shirt RGB,India,PAUSED,INR,₹ 100.00,Automatic targeting,Dynamic bids - down only,896,,8,,0.89%,₹ 36.42,36.42,,₹ 4.55,₹ 0.00,0,0.00%,0,₹ 0.00
30-Sep-22,74.45,,No Portfolio,Sponsored Products,22.1.22.Auto.C20.Stole,India,PAUSED,INR,₹ 100.00,Automatic targeting,Dynamic bids - down only,4670,,28,,0.60%,₹ 74.45,74.45,,₹ 2.66,₹ 0.00,0,0.00%,0,₹ 0.00
30-Sep-22,21.35,,No Portfolio,Sponsored Products,3 pack t shirt RGB,India,PAUSED,INR,₹ 100.00,Automatic targeting,Dynamic bids - down only,869,,5,,0.58%,₹ 21.35,21.35,,₹ 4.27,₹ 0.00,0,0.00%,0,₹ 0.00
1-Oct-22,,,No Portfolio,Sponsored Products,22.1.22.Auto.C20.Stole,India,PAUSED,INR,₹ 100.00,Automatic targeting,Dynamic bids - down only,4466,,34,,0.76%,₹ 78.02,,,₹ 2.29,₹ 0.00,0,0.00%,0,₹ 0.00
1-Oct-22,,,No Portfolio,Sponsored Products,3 pack t shirt RGB,India,PAUSED,INR,₹ 100.00,Automatic targeting,Dynamic bids - down only,1014,,6,,0.59%,₹ 26.63,,,₹ 4.44,₹ 0.00,0,0.00%,0,₹ 0.00
2-Oct-22,,,No Portfolio,Sponsored Products,22.1.22.Auto.C20.Stole,India,PAUSED,INR,₹ 100.00,Automatic targeting,Dynamic bids - down only,2875,,25,,0.87%,₹ 67.04,,,₹ 2.68,₹ 0.00,1,19.08%,5.24,₹ 351.43
2-Oct-22,,,No Portfolio,Sponsored Products,3 pack t shirt RGB,India,PAUSED,INR,₹ 100.00,Automatic targeting,Dynamic bids - down only,2555,,12,,0.47%,₹ 53.69,,,₹ 4.47,₹ 0.00,0,0.00%,0,₹ 0.00
3-Oct-22,,,No Portfolio,Sponsored Products,22.1.22.Auto.C20.Stole,India,PAUSED,INR,₹ 100.00,Automatic targeting,Dynamic bids - down only,541,,5,,0.92%,₹ 14.36,,,₹ 2.87,₹ 0.00,0,0.00%,0,₹ 0.00
3-Oct-22,,,No Portfolio,Sponsored Products,3 pack t shirt RGB,India,PAUSED,INR,₹ 100.00,Automatic targeting,Dynamic bids - down only,1039,,4,,0.39%,₹ 19.46,,,₹ 4.87,₹ 0.00,0,0.00%,0,₹ 0.00
4-Oct-22,,,No Portfolio,Sponsored Products,22.1.22.Auto.C20.Stole,India,PAUSED,INR,₹ 100.00,Automatic targeting,Dynamic bids - down only,657,,4,,0.61%,₹ 7.09,,,₹ 1.77,₹ 0.00,0,0.00%,0,₹ 0.00
4-Oct-22,,,No Portfolio,Sponsored Products,3 pack t shirt RGB,India,PAUSED,INR,₹ 100.00,Automatic targeting,Dynamic bids - down only,1219,,8,,0.66%,₹ 40.58,,,₹ 5.07,₹ 0.00,0,0.00%,0,₹ 0.00
5-Oct-22,,,No Portfolio,Sponsored Products,22.1.22.Auto.C20.Stole,India,PAUSED,INR,₹ 100.00,Automatic targeting,Dynamic bids - down only,469,,1,,0.21%,₹ 2.71,,,₹ 2.71,₹ 0.00,0,0.00%,0,₹ 0.00
5-Oct-22,,,No Portfolio,Sponsored Products,3 pack t shirt RGB,India,PAUSED,INR,₹ 100.00,Automatic targeting,Dynamic bids - down only,1486,,6,,0.40%,₹ 28.57,,,₹ 4.76,₹ 0.00,0,0.00%,0,₹ 0.00
6-Oct-22,,,No Portfolio,Sponsored Products,22.1.22.Auto.C20.Stole,India,PAUSED,INR,₹ 100.00,Automatic targeting,Dynamic bids - down only,908,,8,,0.88%,₹ 22.65,,,₹ 2.83,₹ 0.00,0,0.00%,0,₹ 0.00
6-Oct-22,,,No Portfolio,Sponsored Products,3 pack t shirt RGB,India,PAUSED,INR,₹ 100.00,Automatic targeting,Dynamic bids - down only,1474,,7,,0.48%,₹ 33.89,,,₹ 4.84,₹ 0.00,0,0.00%,0,₹ 0.00
7-Oct-22,,,No Portfolio,Sponsored Products,22.1.22.Auto.C20.Stole,India,PAUSED,INR,₹ 100.00,Automatic targeting,Dynamic bids - down only,845,,10,,1.18%,₹ 25.97,,,₹ 2.60,₹ 0.00,0,0.00%,0,₹ 0.00
7-Oct-22,,,No Portfolio,Sponsored Products,3 pack t shirt RGB,India,PAUSED,INR,₹ 100.00,Automatic targeting,Dynamic bids - down only,1125,,4,,0.36%,₹ 18.54,,,₹ 4.63,₹ 0.00,0,0.00%,0,₹ 0.00
8-Oct-22,,,No Portfolio,Sponsored Products,22.1.22.Auto.C20.Stole,India,PAUSED,INR,₹ 100.00,Automatic targeting,Dynamic bids - down only,883,,9,,1.02%,₹ 20.54,,,₹ 2.28,₹ 0.00,0,0.00%,0,₹ 0.00
8-Oct-22,,,No Portfolio,Sponsored Products,3 pack t shirt RGB,India,PAUSED,INR,₹ 100.00,Automatic targeting,Dynamic bids - down only,1011,,4,,0.40%,₹ 17.25,,,₹ 4.31,₹ 0.00,0,0.00%,0,₹ 0.00
9-Oct-22,,,No Portfolio,Sponsored Products,22.1.22.Auto.C20.Stole,India,PAUSED,INR,₹ 100.00,Automatic targeting,Dynamic bids - down only,906,,9,,0.99%,₹ 25.55,,,₹ 2.84,₹ 0.00,0,0.00%,0,₹ 0.00
9-Oct-22,,,No Portfolio,Sponsored Products,3 pack t shirt RGB,India,PAUSED,INR,₹ 100.00,Automatic targeting,Dynamic bids - down only,1304,,6,,0.46%,₹ 23.72,,,₹ 3.95,₹ 0.00,0,0.00%,0,₹ 0.00
10-Oct-22,,,No Portfolio,Sponsored Products,22.1.22.Auto.C20.Stole,India,PAUSED,INR,₹ 100.00,Automatic targeting,Dynamic bids - down only,799,,8,,1.00%,₹ 21.70,,,₹ 2.71,₹ 0.00,0,0.00%,0,₹ 0.00
10-Oct-22,,,No Portfolio,Sponsored Products,3 pack t shirt RGB,India,PAUSED,INR,₹ 100.00,Automatic targeting,Dynamic bids - down only,712,,1,,0.14%,₹ 4.68,,,₹ 4.68,₹ 0.00,0,0.00%,0,₹ 0.00
11-Oct-22,,,No Portfolio,Sponsored Products,22.1.22.Auto.C20.Stole,India,PAUSED,INR,₹ 100.00,Automatic targeting,Dynamic bids - down only,963,,10,,1.04%,₹ 29.43,,,₹ 2.94,₹ 0.00,0,0.00%,0,₹ 0.00
11-Oct-22,,,No Portfolio,Sponsored Products,3 pack t shirt RGB,India,PAUSED,INR,₹ 100.00,Automatic targeting,Dynamic bids - down only,831,,4,,0.48%,₹ 20.21,,,₹ 5.05,₹ 0.00,0,0.00%,0,₹ 0.00
12-Oct-22,,,No Portfolio,Sponsored Products,22.1.22.Auto.C20.Stole,India,PAUSED,INR,₹ 100.00,Automatic targeting,Dynamic bids - down only,796,,4,,0.50%,₹ 11.15,,,₹ 2.79,₹ 0.00,0,0.00%,0,₹ 0.00
12-Oct-22,,,No Portfolio,Sponsored Products,3 pack t shirt RGB,India,PAUSED,INR,₹ 100.00,Automatic targeting,Dynamic bids - down only,1159,,4,,0.35%,₹ 18.91,,,₹ 4.73,₹ 0.00,0,0.00%,0,₹ 0.00
13-Oct-22,,,No Portfolio,Sponsored Products,22.1.22.Auto.C20.Stole,India,PAUSED,INR,₹ 100.00,Automatic targeting,Dynamic bids - down only,744,,6,,0.81%,₹ 18.46,,,₹ 3.08,₹ 0.00,0,0.00%,0,₹ 0.00
13-Oct-22,,,No Portfolio,Sponsored Products,3 pack t shirt RGB,India,PAUSED,INR,₹ 100.00,Automatic targeting,Dynamic bids - down only,875,,3,,0.34%,₹ 13.34,,,₹ 4.45,₹ 0.00,0,0.00%,0,₹ 0.00
14-Oct-22,,,No Portfolio,Sponsored Products,22.1.22.Auto.C20.Stole,India,PAUSED,INR,₹ 100.00,Automatic targeting,Dynamic bids - down only,901,,4,,0.44%,₹ 11.39,,,₹ 2.85,₹ 0.00,0,0.00%,0,₹ 0.00
14-Oct-22,,,No Portfolio,Sponsored Products,3 pack t shirt RGB,India,PAUSED,INR,₹ 100.00,Automatic targeting,Dynamic bids - down only,714,,5,,0.70%,₹ 23.62,,,₹ 4.72,₹ 0.00,0,0.00%,0,₹ 0.00
15-Oct-22,,,No Portfolio,Sponsored Products,22.1.22.Auto.C20.Stole,India,PAUSED,INR,₹ 100.00,Automatic targeting,Dynamic bids - down only,1460,,8,,0.55%,₹ 22.76,,,₹ 2.85,₹ 0.00,0,0.00%,0,₹ 0.00
15-Oct-22,,,No Portfolio,Sponsored Products,3 pack t shirt RGB,India,PAUSED,INR,₹ 100.00,Automatic targeting,Dynamic bids - down only,1003,,5,,0.50%,₹ 21.25,,,₹ 4.25,₹ 0.00,0,0.00%,0,₹ 0.00
16-Oct-22,,,No Portfolio,Sponsored Products,22.1.22.Auto.C20.Stole,India,PAUSED,INR,₹ 100.00,Automatic targeting,Dynamic bids - down only,2136,,17,,0.80%,₹ 46.00,,,₹ 2.71,₹ 0.00,0,0.00%,0,₹ 0.00
16-Oct-22,,,No Portfolio,Sponsored Products,3 pack t shirt RGB,India,PAUSED,INR,₹ 100.00,Automatic targeting,Dynamic bids - down only,1554,,4,,0.26%,₹ 19.67,,,₹ 4.92,₹ 0.00,0,0.00%,0,₹ 0.00
17-Oct-22,,,No Portfolio,Sponsored Products,22.1.22.Auto.C20.Stole,India,PAUSED,INR,₹ 100.00,Automatic targeting,Dynamic bids - down only,1121,,8,,0.71%,₹ 18.63,,,₹ 2.33,₹ 0.00,1,5.08%,19.68,₹ 366.67
17-Oct-22,,,No Portfolio,Sponsored Products,3 pack t shirt RGB,India,PAUSED,INR,₹ 100.00,Automatic targeting,Dynamic bids - down only,947,,2,,0.21%,₹ 9.37,,,₹ 4.68,₹ 0.00,0,0.00%,0,₹ 0.00
18-Oct-22,,,No Portfolio,Sponsored Products,22.1.22.Auto.C20.Stole,India,PAUSED,INR,₹ 100.00,Automatic targeting,Dynamic bids - down only,947,,8,,0.85%,₹ 22.75,,,₹ 2.84,₹ 0.00,1,6.20%,16.12,₹ 366.67
18-Oct-22,,,No Portfolio,Sponsored Products,3 pack t shirt RGB,India,PAUSED,INR,₹ 100.00,Automatic targeting,Dynamic bids - down only,753,,5,,0.66%,₹ 23.45,,,₹ 4.69,₹ 0.00,0,0.00%,0,₹ 0.00
19-Oct-22,,,No Portfolio,Sponsored Products,22.1.22.Auto.C20.Stole,India,PAUSED,INR,₹ 100.00,Automatic targeting,Dynamic bids - down only,848,,10,,1.18%,₹ 24.95,,,₹ 2.50,₹ 0.00,0,0.00%,0,₹ 0.00
19-Oct-22,,,No Portfolio,Sponsored Products,3 pack t shirt RGB,India,PAUSED,INR,₹ 100.00,Automatic targeting,Dynamic bids - down only,388,,2,,0.52%,₹ 10.19,,,₹ 5.09,₹ 0.00,0,0.00%,0,₹ 0.00
20-Oct-22,,,No Portfolio,Sponsored Products,22.1.22.Auto.C20.Stole,India,PAUSED,INR,₹ 100.00,Automatic targeting,Dynamic bids - down only,761,,5,,0.66%,₹ 11.42,,,₹ 2.28,₹ 0.00,0,0.00%,0,₹ 0.00
20-Oct-22,,,No Portfolio,Sponsored Products,3 pack t shirt RGB,India,PAUSED,INR,₹ 100.00,Automatic targeting,Dynamic bids - down only,465,,1,,0.22%,₹ 1.97,,,₹ 1.97,₹ 0.00,0,0.00%,0,₹ 0.00
21-Oct-22,,,No Portfolio,Sponsored Products,22.1.22.Auto.C20.Stole,India,PAUSED,INR,₹ 100.00,Automatic targeting,Dynamic bids - down only,790,,5,,0.63%,₹ 13.42,,,₹ 2.68,₹ 0.00,0,0.00%,0,₹ 0.00
21-Oct-22,,,No Portfolio,Sponsored Products,3 pack t shirt RGB,India,PAUSED,INR,₹ 100.00,Automatic targeting,Dynamic bids - down only,525,,0,,0.00%,₹ 0.00,,,₹ 0.00,₹ 0.00,0,0.00%,0,₹ 0.00
22-Oct-22,,,No Portfolio,Sponsored Products,22.1.22.Auto.C20.Stole,India,PAUSED,INR,₹ 100.00,Automatic targeting,Dynamic bids - down only,682,,7,,1.03%,₹ 16.05,,,₹ 2.29,₹ 0.00,0,0.00%,0,₹ 0.00
22-Oct-22,,,No Portfolio,Sponsored Products,3 pack t shirt RGB,India,PAUSED,INR,₹ 100.00,Automatic targeting,Dynamic bids - down only,486,,3,,0.62%,₹ 14.16,,,₹ 4.72,₹ 0.00,0,0.00%,0,₹ 0.00
23-Oct-22,,,No Portfolio,Sponsored Products,22.1.22.Auto.C20.Stole,India,PAUSED,INR,₹ 100.00,Automatic targeting,Dynamic bids - down only,958,,7,,0.73%,₹ 17.86,,,₹ 2.55,₹ 0.00,0,0.00%,0,₹ 0.00
23-Oct-22,,,No Portfolio,Sponsored Products,3 pack t shirt RGB,India,PAUSED,INR,₹ 100.00,Automatic targeting,Dynamic bids - down only,744,,3,,0.40%,₹ 12.75,,,₹ 4.25,₹ 0.00,0,0.00%,0,₹ 0.00
24-Oct-22,,,No Portfolio,Sponsored Products,22.1.22.Auto.C20.Stole,India,PAUSED,INR,₹ 100.00,Automatic targeting,Dynamic bids - down only,541,,6,,1.11%,₹ 16.85,,,₹ 2.81,₹ 0.00,0,0.00%,0,₹ 0.00
24-Oct-22,,,No Portfolio,Sponsored Products,3 pack t shirt RGB,India,PAUSED,INR,₹ 100.00,Automatic targeting,Dynamic bids - down only,82,,1,,1.22%,₹ 4.74,,,₹ 4.74,₹ 0.00,0,0.00%,0,₹ 0.00
24-Oct-22,,,No Portfolio,Sponsored Products,5.2.22.Auto.C2o.MonkeyCap,India,PAUSED,INR,₹ 200.00,Automatic targeting,Dynamic bids - down only,505,,2,,0.40%,₹ 4.95,,,₹ 2.48,₹ 0.00,0,0.00%,0,₹ 0.00
25-Oct-22,,,No Portfolio,Sponsored Products,22.1.22.Auto.C20.Stole,India,PAUSED,INR,₹ 100.00,Automatic targeting,Dynamic bids - down only,1025,,10,,0.98%,₹ 23.37,,,₹ 2.34,₹ 0.00,0,0.00%,0,₹ 0.00
25-Oct-22,,,No Portfolio,Sponsored Products,5.2.22.Auto.C2o.MonkeyCap,India,PAUSED,INR,₹ 200.00,Automatic targeting,Dynamic bids - down only,3719,,10,,0.27%,₹ 26.02,,,₹ 2.60,₹ 0.00,1,6.85%,14.6,₹ 380.00
26-Oct-22,,,No Portfolio,Sponsored Products,22.1.22.Auto.C20.Stole,India,PAUSED,INR,₹ 100.00,Automatic targeting,Dynamic bids - down only,2390,,18,,0.75%,₹ 47.57,,,₹ 2.64,₹ 0.00,0,0.00%,0,₹ 0.00
26-Oct-22,,,No Portfolio,Sponsored Products,5.2.22.Auto.C2o.MonkeyCap,India,PAUSED,INR,₹ 200.00,Automatic targeting,Dynamic bids - down only,2965,,18,,0.61%,₹ 47.67,,,₹ 2.65,₹ 0.00,1,12.55%,7.97,₹ 380.00
27-Oct-22,,,No Portfolio,Sponsored Products,22.1.22.Auto.C20.Stole,India,PAUSED,INR,₹ 100.00,Automatic targeting,Dynamic bids - down only,2680,,26,,0.97%,₹ 66.75,,,₹ 2.57,₹ 0.00,0,0.00%,0,₹ 0.00
27-Oct-22,,,No Portfolio,Sponsored Products,5.2.22.Auto.C2o.MonkeyCap,India,PAUSED,INR,₹ 200.00,Automatic targeting,Dynamic bids - down only,6937,,12,,0.17%,₹ 45.77,,,₹ 3.81,₹ 0.00,1,12.05%,8.3,₹ 380.00
28-Oct-22,,,No Portfolio,Sponsored Products,22.1.22.Auto.C20.Stole,India,PAUSED,INR,₹ 100.00,Automatic targeting,Dynamic bids - down only,2731,,14,,0.51%,₹ 35.94,,,₹ 2.57,₹ 0.00,1,9.80%,10.2,₹ 366.67
28-Oct-22,,,No Portfolio,Sponsored Products,5.2.22.Auto.C2o.MonkeyCap,India,PAUSED,INR,₹ 200.00,Automatic targeting,Dynamic bids - down only,8895,,31,,0.35%,₹ 117.02,,,₹ 3.77,₹ 0.00,3,10.20%,9.81,"₹ 1,147.62"
29-Oct-22,,,No Portfolio,Sponsored Products,22.1.22.Auto.C20.Stole,India,PAUSED,INR,₹ 100.00,Automatic targeting,Dynamic bids - down only,144,,0,,0.00%,₹ 0.00,,,₹ 0.00,₹ 0.00,0,0.00%,0,₹ 0.00
29-Oct-22,,,No Portfolio,Sponsored Products,20.1.22.Auto.C2o.Muffler,India,PAUSED,INR,₹ 300.00,Automatic targeting,Dynamic bids - down only,4707,,38,,0.81%,₹ 100.46,,,₹ 2.64,₹ 0.00,4,6.43%,15.55,"₹ 1,561.91"
29-Oct-22,,,No Portfolio,Sponsored Products,EL_SPN AMOLDO Women's Winter Woolen Cap with Muffler_ENS,India,PAUSED,INR,₹ 300.00,Automatic targeting,Dynamic bids - down only,2795,,56,,2.00%,₹ 116.06,,,₹ 2.07,₹ 0.00,1,29.94%,3.34,₹ 387.62
29-Oct-22,,,No Portfolio,Sponsored Products,5.2.22.Auto.C2o.MonkeyCap,India,PAUSED,INR,₹ 200.00,Automatic targeting,Dynamic bids - down only,5437,,34,,0.63%,₹ 121.49,,,₹ 3.57,₹ 0.00,1,31.97%,3.13,₹ 380.00
30-Oct-22,,,No Portfolio,Sponsored Products,EL_SPN AMOLDO Women's Winter Woolen Cap with Muffler_ENS,India,PAUSED,INR,₹ 300.00,Automatic targeting,Dynamic bids - down only,2963,,68,,2.30%,₹ 147.53,,,₹ 2.17,₹ 0.00,2,20.44%,4.89,₹ 721.90
30-Oct-22,,,No Portfolio,Sponsored Products,20.1.22.Auto.C2o.Muffler,India,PAUSED,INR,₹ 300.00,Automatic targeting,Dynamic bids - down only,3592,,39,,1.09%,₹ 106.71,,,₹ 2.74,₹ 0.00,5,5.66%,17.68,"₹ 1,886.67"
30-Oct-22,,,No Portfolio,Sponsored Products,5.2.22.Auto.C2o.MonkeyCap,India,PAUSED,INR,₹ 200.00,Automatic targeting,Dynamic bids - down only,6901,,33,,0.48%,₹ 121.00,,,₹ 3.67,₹ 0.00,3,10.54%,9.48,"₹ 1,147.62"
31-Oct-22,,,No Portfolio,Sponsored Products,20.1.22.Auto.C2o.Muffler,India,PAUSED,INR,₹ 300.00,Automatic targeting,Dynamic bids - down only,1730,,34,,1.97%,₹ 97.14,,,₹ 2.86,₹ 0.00,3,8.35%,11.97,"₹ 1,162.86"
31-Oct-22,,,No Portfolio,Sponsored Products,5.2.22.Auto.C2o.MonkeyCap,India,PAUSED,INR,₹ 200.00,Automatic targeting,Dynamic bids - down only,9190,,32,,0.35%,₹ 117.90,,,₹ 3.68,₹ 0.00,2,10.70%,9.35,"₹ 1,101.90"
31-Oct-22,,,No Portfolio,Sponsored Products,EL_SPN AMOLDO Women's Winter Woolen Cap with Muffler_ENS,India,PAUSED,INR,₹ 300.00,Automatic targeting,Dynamic bids - down only,7242,,71,,0.98%,₹ 142.44,,,₹ 2.01,₹ 0.00,5,7.35%,13.61,"₹ 1,938.10"
